#
# Structure for table "cafe_consumo"
#

DROP TABLE IF EXISTS `cafe_consumo`;
CREATE TABLE `cafe_consumo` (
  `Id` int(11) NOT NULL AUTO_INCREMENT,
  `idusuario` int(11) NOT NULL DEFAULT '0',
  `fecha` date NOT NULL DEFAULT '0000-00-00',
  `cantidad` int(11) NOT NULL DEFAULT '0',
  PRIMARY KEY (`Id`)
) ENGINE=InnoDB AUTO_INCREMENT=606 DEFAULT CHARSET=utf8;

#
# Data for table "cafe_consumo"
#

INSERT INTO `cafe_consumo` VALUES (14,1,'2015-11-29',9),(20,3,'2015-11-30',9),(21,2,'2015-11-30',1),(22,2,'2015-11-30',1),(23,1,'2015-11-30',1),(24,3,'2015-11-30',1),(25,7,'2015-11-30',1),(26,2,'2015-12-01',1),(27,2,'2015-12-01',1),(28,9,'2015-12-01',3),(29,3,'2015-12-01',1),(30,1,'2015-12-01',1),(31,3,'2015-12-02',1),(32,1,'2015-12-02',1),(33,2,'2015-12-02',1),(34,2,'2015-12-02',1),(35,7,'2015-12-02',1),(36,7,'2015-12-03',1),(37,3,'2015-12-03',1),(38,2,'2015-12-03',1),(39,2,'2015-12-03',1),(40,1,'2015-12-04',1),(41,7,'2015-12-04',1),(42,3,'2015-12-04',1),(43,3,'2015-12-09',1),(44,1,'2015-12-09',1),(45,7,'2015-12-10',1),(46,3,'2015-12-10',1),(47,2,'2015-12-09',2),(48,2,'2015-12-10',2),(49,3,'2015-12-11',1),(50,2,'2015-12-11',2),(51,1,'2015-12-10',1),(52,1,'2015-12-11',1),(53,1,'2015-12-14',1),(54,1,'2016-02-03',1),(55,3,'2015-12-14',1),(56,7,'2015-12-15',1),(57,9,'2015-12-15',2),(58,3,'2015-12-15',1),(59,1,'2015-12-15',1),(60,2,'2015-12-15',1),(61,2,'2015-12-15',1),(62,2,'2015-12-15',4),(63,1,'2015-12-16',1),(64,3,'2015-12-16',1),(65,2,'2015-12-16',2),(66,3,'2015-12-17',1),(67,3,'2015-12-18',1),(68,1,'2015-12-17',1),(69,1,'2015-12-18',1),(70,9,'2015-12-21',1),(71,3,'2015-12-21',1),(72,3,'2015-12-22',1),(73,3,'2015-12-24',1),(74,9,'2015-12-28',1),(75,1,'2015-12-28',1),(76,1,'2015-12-29',1),(77,9,'2015-12-29',1),(78,1,'2015-12-30',1),(79,9,'2015-12-31',1),(80,3,'2015-12-31',1),(81,1,'2016-01-13',1),(82,2,'2016-01-07',2),(83,2,'2016-01-08',2),(84,2,'2016-01-15',10),(85,9,'2016-01-14',1),(86,7,'2016-01-15',1),(87,1,'2016-01-15',1),(88,1,'2016-01-18',1),(89,7,'2016-01-18',1),(90,7,'2016-01-19',1),(91,9,'2016-01-21',1),(92,7,'2016-01-20',1),(93,1,'2016-01-21',1),(94,1,'2016-01-20',1),(95,7,'2016-01-22',1),(96,2,'2016-01-18',2),(97,2,'2016-01-19',2),(98,2,'2016-01-20',2),(99,2,'2016-01-21',2),(100,2,'2016-01-23',2),(101,9,'2016-01-26',1),(102,3,'2016-01-26',2),(103,7,'2016-01-25',1),(104,7,'2016-01-26',1),(105,7,'2016-01-27',1),(106,7,'2016-01-28',1),(107,1,'2016-01-27',1),(108,1,'2016-01-26',1),(109,1,'2016-01-25',1),(110,9,'2016-01-27',1),(111,9,'2016-02-01',1),(112,1,'2016-02-01',1),(113,9,'2016-02-02',1),(114,3,'2016-02-03',1),(115,1,'2016-02-03',1),(116,2,'2016-01-28',8),(117,2,'2016-02-05',10),(118,1,'2016-02-04',1),(119,3,'2016-02-04',1),(120,9,'2016-02-05',1),(121,1,'2016-02-05',1),(122,7,'2016-02-01',1),(123,7,'2016-02-03',1),(124,7,'2016-02-04',1),(125,7,'2016-02-05',1),(126,7,'2016-02-08',1),(127,1,'2016-02-08',1),(128,3,'2016-02-08',1),(129,1,'2016-02-10',1),(130,1,'2016-02-09',1),(131,1,'2016-02-12',1),(132,3,'2016-02-12',1),(133,9,'2016-02-15',2),(134,2,'2016-02-12',10),(135,1,'2016-02-16',1),(136,1,'2016-02-15',1),(137,9,'2016-02-17',1),(138,7,'2016-02-09',1),(139,7,'2016-02-10',1),(140,7,'2016-02-11',1),(141,7,'2016-02-12',1),(142,7,'2016-02-15',1),(143,7,'2016-02-16',1),(144,7,'2016-02-17',1),(145,9,'2016-02-18',1),(146,1,'2016-02-19',1),(147,1,'2016-02-17',1),(148,2,'2016-02-19',9),(149,3,'2016-02-19',1),(150,9,'2016-02-22',1),(151,1,'2016-02-22',1),(152,9,'2016-02-25',1),(153,1,'2016-02-26',1),(154,1,'2016-02-23',1),(155,1,'2016-02-24',1),(156,1,'2016-02-25',1),(157,2,'2016-02-26',10),(158,3,'2016-02-26',1),(159,9,'2016-02-29',1),(160,1,'2016-02-29',1),(161,3,'2016-03-01',1),(162,1,'2016-03-01',1),(163,9,'2016-03-01',1),(164,2,'2016-03-04',10),(165,1,'2016-02-28',0),(166,1,'2016-03-03',1),(167,1,'2016-03-04',1),(168,1,'2016-03-02',1),(169,9,'2016-03-07',1),(170,3,'2016-03-07',1),(171,1,'2016-03-07',1),(172,7,'2016-03-07',1),(173,9,'2016-03-08',1),(174,7,'2016-03-08',1),(175,9,'2016-03-09',1),(176,1,'2016-03-09',1),(177,1,'2016-03-08',1),(178,9,'2016-03-10',1),(179,3,'2016-03-10',1),(180,1,'2016-03-10',1),(181,2,'2016-03-11',8),(182,9,'2016-03-14',2),(183,3,'2016-03-14',1),(184,1,'2016-03-15',1),(185,1,'2016-03-14',1),(186,9,'2016-03-17',1),(187,9,'2016-03-18',1),(188,9,'2016-03-21',1),(189,1,'2016-03-21',1),(190,2,'2016-03-17',7),(191,1,'2016-03-16',1),(192,1,'2016-03-17',1),(193,1,'2016-03-18',1),(194,1,'2016-03-21',1),(195,9,'2016-03-23',1),(196,1,'2016-03-23',1),(197,2,'2016-03-23',7),(198,9,'2016-03-28',1),(199,9,'2016-03-29',1),(200,3,'2016-03-29',1),(201,3,'2016-03-31',1),(202,9,'2016-04-01',1),(203,2,'2016-04-01',11),(204,9,'2016-04-05',1),(205,3,'2016-04-05',1),(206,12,'2016-04-05',1),(207,7,'2016-04-11',3),(208,7,'2016-03-18',5),(209,7,'2016-03-31',4),(210,7,'2016-04-01',1),(211,7,'2016-04-04',1),(212,7,'2016-04-05',1),(213,9,'2016-04-06',1),(214,7,'2016-04-06',1),(215,3,'2016-04-06',1),(216,1,'2016-03-28',1),(217,1,'2016-03-29',1),(218,1,'2016-01-30',1),(219,1,'2016-03-31',1),(220,1,'2016-04-04',1),(221,1,'2016-04-05',1),(222,1,'2016-04-06',1),(223,12,'2016-04-06',1),(224,12,'2016-04-07',1),(225,7,'2016-04-07',1),(226,1,'2016-04-07',1),(227,12,'2016-04-08',1),(228,9,'2016-04-08',1),(229,7,'2016-04-08',1),(230,12,'2016-04-11',1),(231,7,'2016-04-11',1),(232,9,'2016-04-11',1),(233,12,'2016-04-12',1),(234,7,'2016-04-12',1),(235,9,'2016-04-13',1),(236,12,'2016-04-13',1),(237,12,'2016-04-14',1),(238,9,'2016-04-14',1),(239,1,'2016-04-08',1),(240,1,'2016-04-11',1),(241,1,'2016-04-12',1),(242,1,'2016-04-13',1),(243,1,'2016-04-14',1),(244,2,'2016-04-08',11),(245,2,'2016-04-15',10),(246,12,'2016-04-15',1),(247,12,'2016-04-18',1),(248,9,'2016-04-19',1),(249,12,'2016-04-19',1),(250,12,'2016-04-20',1),(251,1,'2016-04-20',1),(252,1,'2016-04-18',1),(253,1,'2016-04-19',1),(254,12,'2016-04-21',1),(255,9,'2016-04-21',1),(256,7,'2016-04-13',1),(257,7,'2016-04-14',1),(258,7,'2016-04-15',1),(259,12,'2016-04-22',1),(260,9,'2016-04-22',1),(261,12,'2016-04-22',1),(262,3,'2016-04-23',2),(263,1,'2016-04-21',1),(264,1,'2016-04-22',1),(265,2,'2016-04-22',12),(266,12,'2016-04-25',1),(267,9,'2016-04-25',1),(268,9,'2016-04-26',1),(269,12,'2016-04-27',1),(270,7,'2016-04-18',1),(271,7,'2016-04-19',1),(272,7,'2016-04-20',1),(273,7,'2016-04-21',1),(274,7,'2016-04-22',1),(275,7,'2016-04-25',1),(276,7,'2016-04-26',1),(277,7,'2016-04-27',1),(278,9,'2016-04-27',1),(279,1,'2016-04-27',1),(280,1,'2016-04-25',1),(281,1,'2016-04-26',1),(282,13,'2016-04-27',5),(283,12,'2016-04-28',1),(284,9,'2016-04-28',1),(285,12,'2016-04-28',1),(286,1,'2016-04-28',1),(287,12,'2016-04-29',1),(288,7,'2016-04-28',1),(289,7,'2016-04-29',1),(290,9,'2016-04-29',1),(291,12,'2016-04-29',1),(292,12,'2016-05-03',1),(293,9,'2016-05-03',1),(294,1,'2016-04-29',1),(295,2,'2016-04-29',10),(296,7,'2016-05-03',1),(297,3,'2016-05-03',1),(298,9,'2016-05-04',1),(299,12,'2016-05-04',1),(300,1,'2016-05-04',1),(301,1,'2016-05-03',1),(302,14,'2016-05-04',1),(303,12,'2016-05-05',1),(304,3,'2016-05-05',1),(305,1,'2016-05-05',1),(306,7,'2016-05-04',1),(307,7,'2016-05-05',1),(308,12,'2016-05-06',1),(309,7,'2016-05-06',1),(310,1,'2016-05-06',1),(311,12,'2016-05-09',1),(312,7,'2016-05-09',1),(313,3,'2016-05-09',1),(314,2,'2016-05-06',8),(315,12,'2016-05-09',1),(316,14,'2016-05-09',5),(317,9,'2016-05-09',1),(318,12,'2016-05-10',1),(319,7,'2016-05-10',1),(320,9,'2016-05-10',1),(321,12,'2016-05-11',1),(322,9,'2016-05-11',1),(323,1,'2016-05-09',2),(324,1,'2016-05-10',1),(325,1,'2016-05-11',1),(326,12,'2016-05-12',1),(327,9,'2016-05-12',1),(328,9,'2016-05-13',1),(329,1,'2016-05-13',1),(330,1,'2016-05-12',1),(331,3,'2016-05-16',1),(332,14,'2016-05-17',4),(333,7,'2016-05-11',1),(334,7,'2016-05-12',1),(335,7,'2016-05-13',1),(336,7,'2016-05-16',1),(337,14,'2016-05-17',1),(338,1,'2016-05-17',1),(339,1,'2016-05-16',1),(340,12,'2016-05-18',1),(341,7,'2016-05-17',1),(342,7,'2016-05-18',1),(343,14,'2016-05-18',1),(344,9,'2016-05-18',2),(345,2,'2016-05-13',11),(346,12,'2016-05-19',1),(347,9,'2016-05-19',1),(348,12,'2016-05-20',1),(349,12,'2016-05-20',1),(350,12,'2016-05-23',1),(351,9,'2016-05-23',1),(352,7,'2016-05-23',1),(353,14,'2016-05-24',3),(354,12,'2016-05-24',1),(355,9,'2016-05-24',1),(356,12,'2016-05-24',1),(357,1,'2016-05-24',1),(358,1,'2016-05-23',2),(359,2,'2016-05-24',10),(360,12,'2016-05-25',1),(361,9,'2016-05-25',1),(362,7,'2016-05-25',1),(363,12,'2016-05-26',1),(364,14,'2016-05-26',3),(365,12,'2016-05-26',1),(366,12,'2016-05-27',1),(367,9,'2016-05-27',1),(368,3,'2016-05-27',1),(369,2,'2016-05-27',11),(370,14,'2016-05-30',1),(371,9,'2016-05-30',1),(372,1,'2016-05-30',1),(373,1,'2016-05-25',1),(374,1,'2016-05-26',1),(375,1,'2016-05-27',1),(376,12,'2016-05-31',1),(377,9,'2016-05-31',1),(378,3,'2016-06-01',2),(379,7,'2016-05-26',1),(380,7,'2016-05-27',1),(381,7,'2016-05-30',1),(382,7,'2016-05-31',1),(383,7,'2016-06-01',1),(384,14,'2016-06-01',3),(385,12,'2016-06-02',1),(386,12,'2016-06-02',1),(387,7,'2016-06-02',1),(388,14,'2016-06-03',4),(389,3,'2016-06-03',1),(390,12,'2016-06-06',1),(391,9,'2016-06-06',1),(392,14,'2016-06-06',1),(393,7,'2016-06-06',1),(394,7,'2016-06-03',1),(395,12,'2016-06-07',1),(396,9,'2016-06-07',1),(397,12,'2016-06-08',1),(398,2,'2016-06-08',9),(399,2,'2016-06-10',10),(400,12,'2016-06-09',1),(401,9,'2016-06-09',1),(402,14,'2016-06-09',2),(403,3,'2016-06-09',1),(404,12,'2016-06-09',1),(405,9,'2016-06-10',1),(406,12,'2016-06-10',1),(407,3,'2016-06-13',1),(408,1,'2016-05-31',1),(409,1,'2016-06-13',9),(410,7,'2016-06-07',1),(411,7,'2016-06-08',1),(412,7,'2016-06-09',1),(413,7,'2016-06-10',1),(414,7,'2016-06-13',1),(415,9,'2016-06-13',1),(416,12,'2016-06-14',1),(417,9,'2016-06-14',1),(418,14,'2016-06-14',3),(419,12,'2016-06-15',1),(420,9,'2016-06-15',1),(421,3,'2016-06-15',1),(422,12,'2016-06-15',1),(423,12,'2016-06-16',1),(424,12,'2016-06-16',1),(425,12,'2016-06-17',1),(426,12,'2016-06-17',1),(427,14,'2016-06-21',4),(428,9,'2016-06-21',1),(429,2,'2016-06-17',11),(430,1,'2016-06-21',6),(431,3,'2016-06-21',1),(432,9,'2016-06-23',1),(433,12,'2016-06-23',1),(434,12,'2016-06-23',1),(435,12,'2016-06-24',1),(436,9,'2016-06-24',1),(437,7,'2016-06-24',1),(438,12,'2016-06-27',1),(439,9,'2016-06-27',1),(440,12,'2016-06-28',1),(441,2,'2016-06-24',10),(442,9,'2016-06-28',1),(443,9,'2016-06-29',1),(444,12,'2016-06-30',1),(445,7,'2016-06-14',1),(446,7,'2016-06-15',1),(447,7,'2016-06-16',1),(448,7,'2016-06-17',1),(449,7,'2016-06-20',1),(450,7,'2016-06-21',1),(451,7,'2016-06-22',1),(452,7,'2016-06-23',1),(453,7,'2016-06-27',1),(454,7,'2016-06-28',1),(455,7,'2016-06-29',1),(456,7,'2016-06-30',1),(457,14,'2016-06-30',6),(458,9,'2016-06-30',1),(459,9,'2016-07-01',1),(460,9,'2016-07-06',2),(461,9,'2016-07-07',1),(462,9,'2016-07-08',1),(463,14,'2016-07-11',6),(464,9,'2016-07-11',1),(465,9,'2016-07-12',1),(466,7,'2016-07-01',1),(467,7,'2016-07-04',1),(468,7,'2016-07-05',1),(469,7,'2016-07-06',1),(470,7,'2016-07-07',1),(471,7,'2016-07-08',1),(472,7,'2016-07-11',1),(473,7,'2016-07-12',1),(474,7,'2016-07-13',1),(475,7,'2016-07-14',1),(476,1,'2016-07-15',17),(477,3,'2016-07-19',1),(478,9,'2016-07-21',1),(479,3,'2016-07-21',1),(480,9,'2016-07-22',1),(481,9,'2016-07-26',1),(482,3,'2016-07-27',1),(483,14,'2016-07-27',13),(484,9,'2016-07-27',1),(485,2,'2016-07-01',10),(486,2,'2016-07-08',11),(487,2,'2016-07-15',10),(488,2,'2016-07-15',10),(489,2,'2016-07-22',10),(490,3,'2016-07-27',1),(491,1,'2016-07-27',10),(492,1,'2016-07-29',2),(493,15,'2016-07-27',1),(494,15,'2016-07-28',1),(495,16,'2016-07-28',1),(496,9,'2016-07-29',1),(497,3,'2016-07-29',1),(498,9,'2016-08-01',1),(499,14,'2016-08-02',5),(500,15,'2016-07-29',1),(501,15,'2016-08-01',1),(502,15,'2016-08-02',1),(503,9,'2016-08-02',1),(504,16,'2016-08-02',1),(505,3,'2016-08-02',1),(506,9,'2016-08-03',1),(507,9,'2016-08-05',1),(508,9,'2016-08-08',1),(509,16,'2016-08-09',1),(510,16,'2016-08-08',1),(511,15,'2016-08-09',5),(512,16,'2016-08-09',1),(513,9,'2016-08-10',1),(514,14,'2016-08-10',8),(515,16,'2016-08-11',1),(516,16,'2016-08-10',1),(517,9,'2016-08-11',1),(518,16,'2016-08-11',1),(519,15,'2016-08-11',1),(520,15,'2016-08-10',1),(521,2,'2016-07-29',9),(522,3,'2016-08-11',1),(523,2,'2016-08-05',9),(524,2,'2016-08-11',8),(525,16,'2016-08-10',1),(526,16,'2016-08-12',1),(527,9,'2016-08-12',1),(528,15,'2016-08-12',2),(529,16,'2016-08-16',1),(530,9,'2016-08-16',1),(531,9,'2016-08-16',1),(532,7,'2016-08-16',1),(533,16,'2016-08-16',1),(534,7,'2016-07-15',1),(535,7,'2016-07-16',1),(536,7,'2016-07-19',1),(537,7,'2016-07-20',1),(538,7,'2016-07-21',1),(539,7,'2016-07-22',1),(540,9,'2016-08-17',1),(541,7,'2016-08-17',1),(542,8,'2016-08-17',1),(543,14,'2016-08-18',4),(544,15,'2016-08-18',4),(545,7,'2016-08-18',1),(546,9,'2016-08-18',1),(547,7,'2016-08-19',1),(548,9,'2016-08-19',1),(549,8,'2016-08-19',1),(550,8,'2016-08-19',1),(552,9,'2016-08-22',1),(553,7,'2016-08-22',1),(554,3,'2016-08-22',1),(555,16,'2016-08-22',2),(556,15,'2016-08-22',3),(557,1,'2016-08-22',5),(558,16,'2016-08-17',1),(559,16,'2016-08-18',1),(560,16,'2016-08-19',1),(561,9,'2016-08-23',1),(562,7,'2016-08-23',1),(563,8,'2016-08-23',1),(564,3,'2016-08-23',1),(565,9,'2016-08-24',1),(566,8,'2016-08-24',1),(567,3,'2016-08-24',1),(568,9,'2016-08-25',1),(569,3,'2016-08-25',1),(570,16,'2016-08-23',1),(571,16,'2016-08-24',1),(572,16,'2016-08-26',1),(573,16,'2016-08-25',1),(574,9,'2016-08-26',1),(575,16,'2016-08-26',1),(576,15,'2016-08-29',6),(577,9,'2016-08-29',1),(578,3,'2016-08-29',1),(579,16,'2016-08-30',1),(580,16,'2016-08-29',1),(581,9,'2016-08-30',1),(582,3,'2016-08-30',1),(583,9,'2016-08-31',1),(584,7,'2016-08-24',1),(585,7,'2016-08-26',1),(586,7,'2016-08-29',1),(587,7,'2016-08-30',1),(588,7,'2016-08-31',1),(589,15,'2016-08-31',2),(590,3,'2016-08-31',1),(591,16,'2016-08-31',2),(592,16,'2016-09-01',1),(593,3,'2016-09-01',1),(594,9,'2016-09-02',1),(595,15,'2016-09-02',2),(596,3,'2016-09-02',1),(597,3,'2016-09-04',1),(598,16,'2016-09-02',2),(599,16,'2016-09-05',1),(600,16,'2016-09-06',1),(601,16,'2016-09-06',1),(602,16,'2016-09-07',2),(603,16,'2016-09-08',2),(604,15,'2016-09-09',7),(605,9,'2016-09-09',1);

#
# Structure for table "cafe_pagos"
#

DROP TABLE IF EXISTS `cafe_pagos`;
CREATE TABLE `cafe_pagos` (
  `Id` int(11) NOT NULL AUTO_INCREMENT,
  `idusuario` int(11) DEFAULT NULL,
  `fecha` date NOT NULL DEFAULT '0000-00-00',
  `cafes` int(11) NOT NULL DEFAULT '0',
  PRIMARY KEY (`Id`)
) ENGINE=InnoDB AUTO_INCREMENT=35 DEFAULT CHARSET=utf8;

#
# Data for table "cafe_pagos"
#

INSERT INTO `cafe_pagos` VALUES (6,1,'2015-12-16',20),(7,2,'2015-12-16',22),(8,3,'2015-12-16',40),(9,9,'2016-01-15',10),(10,1,'2016-02-10',20),(11,9,'2016-02-22',20),(12,7,'2016-03-02',30),(13,1,'2016-03-02',20),(14,2,'2016-03-02',100),(15,3,'2016-03-02',40),(16,1,'2016-05-03',30),(17,9,'2016-05-03',20),(18,2,'2016-05-04',60),(19,12,'2016-05-04',20),(20,7,'2016-05-04',40),(21,1,'2016-06-13',40),(22,9,'2016-06-13',20),(23,7,'2016-06-14',40),(24,2,'2016-06-14',60),(25,12,'2016-06-14',30),(26,14,'2016-06-21',40),(27,12,'2016-07-19',14),(28,1,'2016-07-29',24),(29,14,'2016-08-11',40),(30,16,'2016-08-12',20),(31,2,'2016-08-12',100),(32,15,'2016-08-12',20),(33,9,'2016-08-16',40);

#
# Structure for table "cafe_usuarios"
#

DROP TABLE IF EXISTS `cafe_usuarios`;
CREATE TABLE `cafe_usuarios` (
  `Id` int(11) NOT NULL AUTO_INCREMENT,
  `nombre` varchar(255) NOT NULL DEFAULT '',
  `password` varchar(255) NOT NULL DEFAULT '0000',
  `tipo` varchar(255) NOT NULL DEFAULT 'NORMAL',
  `foto` varchar(255) NOT NULL DEFAULT '',
  `activo` int(1) NOT NULL DEFAULT '1',
  PRIMARY KEY (`Id`)
) ENGINE=InnoDB AUTO_INCREMENT=17 DEFAULT CHARSET=utf8;

#
# Data for table "cafe_usuarios"
#

INSERT INTO `cafe_usuarios` VALUES (1,'Victor','victor99','NORMAL','victor.png',1),(2,'Rubén','ruben99','NORMAL','ruben.png',1),(3,'Carlos V','carlos99','NORMAL','carlosvaliente.png',1),(4,'Flavia','flavia99','NORMAL','flavia.png',0),(5,'Alberto','alberto99','NORMAL','alberto.png',0),(6,'Daniel','dani99','NORMAL','dani.png',0),(7,'Pedro','pedro99','NORMAL','pedro.png',1),(8,'Beatriz','beatriz99','NORMAL','beatriz.png',1),(9,'Carlos2','carlos22','NORMAL','carlospinzon.png',1),(10,'Raquel','raquel99','NORMAL','raquel.png',0),(11,'Administración','admin99','ADMIN','wanatop.png',1),(12,'Nagore','nagore99','NORMAL','nagore.png',0),(13,'Cristina','cristina99','NORMAL','cristina.png',0),(14,'Esther','esther99','NORMAL','esther.png',1),(15,'Guillermo','guillermo99','NORMAL','guillermo.png',1),(16,'Eduardo','eduardo99','NORMAL','eduardo.jpg',1);
